Sl no.,District Name,Market Name,Commodity,Variety,Grade,Min Price (Rs./Quintal),Max Price (Rs./Quintal),Modal Price (Rs./Quintal),Price Date
653,Kurnool,Adoni,Cotton,Bunny,FAQ,6496,10111,8660,03-Jan-22
663,Kurnool,Adoni,Cotton,Bunny,FAQ,6587,10230,8669,04-Jan-22
651,Kurnool,Adoni,Cotton,Bunny,FAQ,6470,10299,8679,05-Jan-22
576,Kurnool,Adoni,Cotton,Bunny,FAQ,5809,10158,8596,06-Jan-22
474,Kurnool,Adoni,Cotton,Bunny,FAQ,5467,10279,8679,07-Jan-22
655,Kurnool,Adoni,Cotton,Bunny,FAQ,6501,10169,8689,08-Jan-22
506,Kurnool,Adoni,Cotton,Bunny,FAQ,5519,10129,8669,10-Jan-22
541,Kurnool,Adoni,Cotton,Bunny,FAQ,5647,10049,8629,11-Jan-22
633,Kurnool,Adoni,Cotton,Bunny,FAQ,6264,10169,8660,12-Jan-22
574,Kurnool,Adoni,Cotton,Bunny,FAQ,5786,10209,8656,17-Jan-22
587,Kurnool,Adoni,Cotton,Bunny,FAQ,5869,10307,8711,18-Jan-22
704,Kurnool,Adoni,Cotton,Bunny,FAQ,7386,10319,8711,19-Jan-22
669,Kurnool,Adoni,Cotton,Bunny,FAQ,6696,10521,8750,20-Jan-22
690,Kurnool,Adoni,Cotton,Bunny,FAQ,7016,10454,8869,21-Jan-22
661,Kurnool,Adoni,Cotton,Bunny,FAQ,6539,10427,8811,22-Jan-22
444,Kurnool,Adoni,Cotton,Bunny,FAQ,5389,10419,8789,24-Jan-22
607,Kurnool,Adoni,Cotton,Bunny,FAQ,6000,10369,8789,25-Jan-22
672,Kurnool,Adoni,Cotton,Bunny,FAQ,6711,10369,8766,27-Jan-22
665,Kurnool,Adoni,Cotton,Bunny,FAQ,6667,10412,8770,28-Jan-22
667,Kurnool,Adoni,Cotton,Bunny,FAQ,6679,10409,8811,29-Jan-22
644,Kurnool,Adoni,Cotton,Bunny,FAQ,6396,10559,8811,31-Jan-22
648,Kurnool,Adoni,Cotton,Bunny,FAQ,6469,10759,9189,02-Feb-22
649,Kurnool,Adoni,Cotton,Bunny,FAQ,6469,10769,9155,03-Feb-22
689,Kurnool,Adoni,Cotton,Bunny,FAQ,7009,10791,9189,04-Feb-22
664,Kurnool,Adoni,Cotton,Bunny,FAQ,6619,10769,9129,05-Feb-22
632,Kurnool,Adoni,Cotton,Bunny,FAQ,6239,10711,9159,07-Feb-22
639,Kurnool,Adoni,Cotton,Bunny,FAQ,6309,10711,9159,08-Feb-22
659,Kurnool,Adoni,Cotton,Bunny,FAQ,6509,10611,9150,09-Feb-22
552,Kurnool,Adoni,Cotton,Bunny,FAQ,5670,10390,8979,10-Feb-22
641,Kurnool,Adoni,Cotton,Bunny,FAQ,6356,10340,8959,11-Feb-22
617,Kurnool,Adoni,Cotton,Bunny,FAQ,6019,10381,9069,12-Feb-22
677,Kurnool,Adoni,Cotton,Bunny,FAQ,6867,10489,9069,14-Feb-22
654,Kurnool,Adoni,Cotton,Bunny,FAQ,6500,10503,9159,15-Feb-22
375,Kurnool,Adoni,Cotton,Bunny,FAQ,5220,10480,9166,16-Feb-22
673,Kurnool,Adoni,Cotton,Bunny,FAQ,6719,10511,9169,17-Feb-22
646,Kurnool,Adoni,Cotton,Bunny,FAQ,6467,10550,9175,18-Feb-22
678,Kurnool,Adoni,Cotton,Bunny,FAQ,6870,10516,9150,19-Feb-22
684,Kurnool,Adoni,Cotton,Bunny,FAQ,6989,10529,9230,21-Feb-22
629,Kurnool,Adoni,Cotton,Bunny,FAQ,6216,10519,9257,22-Feb-22
578,Kurnool,Adoni,Cotton,Bunny,FAQ,5809,10529,9269,23-Feb-22
647,Kurnool,Adoni,Cotton,Bunny,FAQ,6469,10519,9269,24-Feb-22
627,Kurnool,Adoni,Cotton,Bunny,FAQ,6209,10521,9250,25-Feb-22
608,Kurnool,Adoni,Cotton,Bunny,FAQ,6000,10439,9279,28-Feb-22
645,Kurnool,Adoni,Cotton,Bunny,FAQ,6467,10350,9219,03-Mar-22
666,Kurnool,Adoni,Cotton,Bunny,FAQ,6669,10273,9011,04-Mar-22
631,Kurnool,Adoni,Cotton,Bunny,FAQ,6239,10219,8919,05-Mar-22
480,Kurnool,Adoni,Cotton,Bunny,FAQ,5469,10291,8966,07-Mar-22
515,Kurnool,Adoni,Cotton,Bunny,FAQ,5569,10295,8930,08-Mar-22
568,Kurnool,Adoni,Cotton,Bunny,FAQ,5732,10289,8939,09-Mar-22
606,Kurnool,Adoni,Cotton,Bunny,FAQ,6000,10296,8866,10-Mar-22
577,Kurnool,Adoni,Cotton,Bunny,FAQ,5809,10309,8989,11-Mar-22
616,Kurnool,Adoni,Cotton,Bunny,FAQ,6019,10339,8995,12-Mar-22
481,Kurnool,Adoni,Cotton,Bunny,FAQ,5469,10412,9029,14-Mar-22
539,Kurnool,Adoni,Cotton,Bunny,FAQ,5632,10461,9050,15-Mar-22
580,Kurnool,Adoni,Cotton,Bunny,FAQ,5819,10466,8950,16-Mar-22
519,Kurnool,Adoni,Cotton,Bunny,FAQ,5575,10472,9050,17-Mar-22
613,Kurnool,Adoni,Cotton,Bunny,FAQ,6002,10526,6169,19-Mar-22
565,Kurnool,Adoni,Cotton,Bunny,FAQ,5719,10777,9259,21-Mar-22
675,Kurnool,Adoni,Cotton,Bunny,FAQ,6769,10899,9311,22-Mar-22
676,Kurnool,Adoni,Cotton,Bunny,FAQ,6769,11111,9311,23-Mar-22
710,Kurnool,Adoni,Cotton,Bunny,FAQ,7500,11219,9500,24-Mar-22
643,Kurnool,Adoni,Cotton,Bunny,FAQ,6369,11489,9399,25-Mar-22
637,Kurnool,Adoni,Cotton,Bunny,FAQ,6300,11665,9400,26-Mar-22
694,Kurnool,Adoni,Cotton,Bunny,FAQ,7175,12059,9800,30-Mar-22
635,Kurnool,Adoni,Cotton,Bunny,FAQ,6279,12239,9809,31-Mar-22
656,Kurnool,Adoni,Cotton,Bunny,FAQ,6501,12500,9869,04-Apr-22
700,Kurnool,Adoni,Cotton,Bunny,FAQ,7270,12680,9889,06-Apr-22
581,Kurnool,Adoni,Cotton,Bunny,FAQ,5819,12602,9899,07-Apr-22
625,Kurnool,Adoni,Cotton,Bunny,FAQ,6169,12459,7879,08-Apr-22
619,Kurnool,Adoni,Cotton,Bunny,FAQ,6059,12292,9879,09-Apr-22
518,Kurnool,Adoni,Cotton,Bunny,FAQ,5569,12180,9875,11-Apr-22
610,Kurnool,Adoni,Cotton,Bunny,FAQ,6000,11809,9851,12-Apr-22
611,Kurnool,Adoni,Cotton,Bunny,FAQ,6000,11908,9860,13-Apr-22
642,Kurnool,Adoni,Cotton,Bunny,FAQ,6360,12275,9800,18-Apr-22
706,Kurnool,Adoni,Cotton,Bunny,FAQ,7450,12489,9869,19-Apr-22
735,Kurnool,Adoni,Cotton,Bunny,FAQ,8367,12650,10059,20-Apr-22
698,Kurnool,Adoni,Cotton,Bunny,FAQ,7200,12613,10107,21-Apr-22
717,Kurnool,Adoni,Cotton,Bunny,FAQ,7587,12629,10100,22-Apr-22
685,Kurnool,Adoni,Cotton,Bunny,FAQ,7000,12368,10100,23-Apr-22
615,Kurnool,Adoni,Cotton,Bunny,FAQ,6012,12415,10117,25-Apr-22
623,Kurnool,Adoni,Cotton,Bunny,FAQ,6089,12431,10100,26-Apr-22
361,Kurnool,Adoni,Cotton,Bunny,FAQ,5169,12359,10096,27-Apr-22
697,Kurnool,Adoni,Cotton,Bunny,FAQ,7200,12389,10137,28-Apr-22
715,Kurnool,Adoni,Cotton,Bunny,FAQ,7571,12435,10150,29-Apr-22
731,Kurnool,Adoni,Cotton,Bunny,FAQ,8055,12495,11519,02-May-22
730,Kurnool,Adoni,Cotton,Bunny,FAQ,8025,12569,11368,04-May-22
750,Kurnool,Adoni,Cotton,Bunny,FAQ,9469,12733,11408,05-May-22
733,Kurnool,Adoni,Cotton,Bunny,FAQ,8179,12863,11556,09-May-22
686,Kurnool,Adoni,Cotton,Bunny,FAQ,7000,12964,11708,10-May-22
742,Kurnool,Adoni,Cotton,Bunny,FAQ,8780,13046,11859,11-May-22
723,Kurnool,Adoni,Cotton,Bunny,FAQ,7708,13129,11879,12-May-22
713,Kurnool,Adoni,Cotton,Bunny,FAQ,7506,13117,11879,13-May-22
746,Kurnool,Adoni,Cotton,Bunny,FAQ,9169,13133,11885,14-May-22
719,Kurnool,Adoni,Cotton,Bunny,FAQ,7600,13387,11880,16-May-22
754,Kurnool,Adoni,Cotton,Bunny,FAQ,9800,13649,12249,19-May-22
687,Kurnool,Adoni,Cotton,Bunny,FAQ,7000,13680,12350,20-May-22
728,Kurnool,Adoni,Cotton,Bunny,FAQ,8001,13676,12250,21-May-22
722,Kurnool,Adoni,Cotton,Bunny,FAQ,7700,13689,12389,23-May-22
743,Kurnool,Adoni,Cotton,Bunny,FAQ,8860,13666,12389,24-May-22
739,Kurnool,Adoni,Cotton,Bunny,FAQ,8506,13529,12366,25-May-22
683,Kurnool,Adoni,Cotton,Bunny,FAQ,6906,13550,12320,26-May-22
695,Kurnool,Adoni,Cotton,Bunny,FAQ,7189,13145,11811,27-May-22
729,Kurnool,Adoni,Cotton,Bunny,FAQ,8006,13054,11906,28-May-22
692,Kurnool,Adoni,Cotton,Bunny,FAQ,7096,13020,11666,31-May-22
682,Kurnool,Adoni,Cotton,Bunny,FAQ,6906,12977,11679,01-Jun-22
658,Kurnool,Adoni,Cotton,Bunny,FAQ,6506,12511,11356,02-Jun-22
688,Kurnool,Adoni,Cotton,Bunny,FAQ,7006,12569,11455,03-Jun-22
726,Kurnool,Adoni,Cotton,Bunny,FAQ,7956,12469,11456,04-Jun-22
721,Kurnool,Adoni,Cotton,Bunny,FAQ,7696,12230,11456,06-Jun-22
736,Kurnool,Adoni,Cotton,Bunny,FAQ,8456,12275,11679,07-Jun-22
727,Kurnool,Adoni,Cotton,Bunny,FAQ,8000,12259,11275,08-Jun-22
745,Kurnool,Adoni,Cotton,Bunny,FAQ,8956,12295,11556,09-Jun-22
696,Kurnool,Adoni,Cotton,Bunny,FAQ,7196,12429,11656,10-Jun-22
756,Kurnool,Adoni,Cotton,Bunny,FAQ,10456,12477,11356,11-Jun-22
749,Kurnool,Adoni,Cotton,Bunny,FAQ,9397,12439,11359,13-Jun-22
660,Kurnool,Adoni,Cotton,Bunny,FAQ,6509,11886,10806,16-Jun-22
612,Kurnool,Adoni,Cotton,Bunny,FAQ,6000,12429,11266,17-Jun-22
753,Kurnool,Adoni,Cotton,Bunny,FAQ,9800,11500,10800,18-Jun-22
312,Kurnool,Adoni,Cotton,Bunny,FAQ,4999,10880,8269,20-Jun-22
738,Kurnool,Adoni,Cotton,Bunny,FAQ,8500,11886,10689,21-Jun-22
712,Kurnool,Adoni,Cotton,Bunny,FAQ,7500,12229,11386,22-Jun-22
707,Kurnool,Adoni,Cotton,Bunny,FAQ,7469,11759,10350,23-Jun-22
702,Kurnool,Adoni,Cotton,Bunny,FAQ,7356,10906,9389,24-Jun-22
737,Kurnool,Adoni,Cotton,Bunny,FAQ,8500,10989,10086,25-Jun-22
740,Kurnool,Adoni,Cotton,Bunny,FAQ,8560,10909,9250,27-Jun-22
752,Kurnool,Adoni,Cotton,Bunny,FAQ,9706,9706,9706,29-Jun-22
671,Kurnool,Adoni,Cotton,Bunny,FAQ,6706,10966,9851,30-Jun-22
691,Kurnool,Adoni,Cotton,Bunny,FAQ,7056,10851,9886,04-Jul-22
755,Kurnool,Adoni,Cotton,Bunny,FAQ,10150,10666,10456,05-Jul-22
705,Kurnool,Adoni,Cotton,Bunny,FAQ,7406,10877,9851,06-Jul-22
679,Kurnool,Adoni,Cotton,Bunny,FAQ,6906,10511,8806,07-Jul-22
701,Kurnool,Adoni,Cotton,Bunny,FAQ,7306,10361,9949,08-Jul-22
732,Kurnool,Adoni,Cotton,Bunny,FAQ,8106,10166,10166,09-Jul-22
716,Kurnool,Adoni,Cotton,Bunny,FAQ,7575,10266,9679,11-Jul-22
720,Kurnool,Adoni,Cotton,Bunny,FAQ,7656,10366,9686,12-Jul-22
747,Kurnool,Adoni,Cotton,Bunny,FAQ,9211,9211,9211,13-Jul-22
714,Kurnool,Adoni,Cotton,Bunny,FAQ,7536,9251,9251,14-Jul-22
708,Kurnool,Adoni,Cotton,Bunny,FAQ,7496,9981,8789,15-Jul-22
670,Kurnool,Adoni,Cotton,Bunny,FAQ,6706,9999,9256,16-Jul-22
709,Kurnool,Adoni,Cotton,Bunny,FAQ,7496,10377,9957,18-Jul-22
699,Kurnool,Adoni,Cotton,Bunny,FAQ,7256,10319,8939,19-Jul-22
674,Kurnool,Adoni,Cotton,Bunny,FAQ,6756,10339,8921,20-Jul-22
693,Kurnool,Adoni,Cotton,Bunny,FAQ,7150,10080,9150,21-Jul-22
319,Kurnool,Adoni,Cotton,Bunny,FAQ,5001,9681,8839,22-Jul-22
734,Kurnool,Adoni,Cotton,Bunny,FAQ,8356,10379,9685,23-Jul-22
657,Kurnool,Adoni,Cotton,Bunny,FAQ,6506,10692,8996,25-Jul-22
748,Kurnool,Adoni,Cotton,Bunny,FAQ,9289,10109,9699,26-Jul-22
718,Kurnool,Adoni,Cotton,Bunny,FAQ,7596,10794,10281,27-Jul-22
403,Kurnool,Adoni,Cotton,Bunny,FAQ,5300,10897,9659,29-Jul-22
744,Kurnool,Adoni,Cotton,Bunny,FAQ,8885,10888,10211,30-Jul-22
680,Kurnool,Adoni,Cotton,Bunny,FAQ,6906,10909,9819,01-Aug-22
725,Kurnool,Adoni,Cotton,Bunny,FAQ,7856,10951,9859,02-Aug-22
741,Kurnool,Adoni,Cotton,Bunny,FAQ,8669,11359,10456,03-Aug-22
751,Kurnool,Adoni,Cotton,Bunny,FAQ,9506,11300,10429,04-Aug-22
724,Kurnool,Adoni,Cotton,Bunny,FAQ,7800,11369,10450,05-Aug-22
650,Kurnool,Adoni,Cotton,Bunny,FAQ,6469,11282,10156,06-Aug-22
634,Kurnool,Adoni,Cotton,Bunny,FAQ,6269,11379,10350,08-Aug-22
618,Kurnool,Adoni,Cotton,Bunny,FAQ,6020,11581,10317,11-Aug-22
711,Kurnool,Adoni,Cotton,Bunny,FAQ,7500,11839,10480,12-Aug-22
681,Kurnool,Adoni,Cotton,Bunny,FAQ,6906,11897,10455,13-Aug-22
482,Kurnool,Adoni,Cotton,Bunny,FAQ,5469,11909,10581,16-Aug-22
575,Kurnool,Adoni,Cotton,Bunny,FAQ,5796,12001,10459,17-Aug-22
588,Kurnool,Adoni,Cotton,Bunny,FAQ,5886,12179,10569,18-Aug-22
703,Kurnool,Adoni,Cotton,Bunny,FAQ,7369,12081,10551,20-Aug-22
662,Kurnool,Adoni,Cotton,Bunny,FAQ,6571,12171,10581,22-Aug-22
630,Kurnool,Adoni,Cotton,Bunny,FAQ,6219,11991,10550,23-Aug-22
590,Kurnool,Adoni,Cotton,Bunny,FAQ,5896,11839,10519,24-Aug-22
551,Kurnool,Adoni,Cotton,Bunny,FAQ,5669,11359,10411,25-Aug-22
464,Kurnool,Adoni,Cotton,Bunny,FAQ,5454,10800,9951,26-Aug-22
638,Kurnool,Adoni,Cotton,Bunny,FAQ,6309,10619,9681,29-Aug-22
609,Kurnool,Adoni,Cotton,Bunny,FAQ,6000,10568,9689,30-Aug-22
599,Kurnool,Adoni,Cotton,Bunny,FAQ,5969,10653,9851,01-Sep-22
624,Kurnool,Adoni,Cotton,Bunny,FAQ,6166,10721,9529,02-Sep-22
668,Kurnool,Adoni,Cotton,Bunny,FAQ,6686,10762,9669,03-Sep-22
596,Kurnool,Adoni,Cotton,Bunny,FAQ,5956,10739,9686,05-Sep-22
622,Kurnool,Adoni,Cotton,Bunny,FAQ,6086,10679,9689,06-Sep-22
567,Kurnool,Adoni,Cotton,Bunny,FAQ,5729,10651,9660,07-Sep-22
579,Kurnool,Adoni,Cotton,Bunny,FAQ,5809,10559,9589,08-Sep-22
571,Kurnool,Adoni,Cotton,Bunny,FAQ,5769,10699,9559,10-Sep-22
527,Kurnool,Adoni,Cotton,Bunny,FAQ,5589,10729,9559,12-Sep-22
517,Kurnool,Adoni,Cotton,Bunny,FAQ,5569,10870,9569,13-Sep-22
530,Kurnool,Adoni,Cotton,Bunny,FAQ,5596,10810,9589,14-Sep-22
521,Kurnool,Adoni,Cotton,Bunny,FAQ,5586,10619,9586,15-Sep-22
516,Kurnool,Adoni,Cotton,Bunny,FAQ,5569,10620,9459,16-Sep-22
443,Kurnool,Adoni,Cotton,Bunny,FAQ,5389,10379,9411,17-Sep-22
437,Kurnool,Adoni,Cotton,Bunny,FAQ,5386,10351,9409,19-Sep-22
442,Kurnool,Adoni,Cotton,Bunny,FAQ,5389,9279,8580,20-Sep-22
379,Kurnool,Adoni,Cotton,Bunny,FAQ,5229,9251,8339,21-Sep-22
447,Kurnool,Adoni,Cotton,Bunny,FAQ,5396,9393,8369,22-Sep-22
408,Kurnool,Adoni,Cotton,Bunny,FAQ,5316,9479,6128,23-Sep-22
531,Kurnool,Adoni,Cotton,Bunny,FAQ,5600,9406,8396,24-Sep-22
593,Kurnool,Adoni,Cotton,Bunny,FAQ,5909,9456,8359,26-Sep-22
496,Kurnool,Adoni,Cotton,Bunny,FAQ,5506,9589,8359,27-Sep-22
529,Kurnool,Adoni,Cotton,Bunny,FAQ,5596,9769,8696,28-Sep-22
500,Kurnool,Adoni,Cotton,Bunny,FAQ,5509,9859,8719,29-Sep-22
429,Kurnool,Adoni,Cotton,Bunny,FAQ,5369,9501,8689,30-Sep-22
456,Kurnool,Adoni,Cotton,Bunny,FAQ,5416,9285,8369,01-Oct-22
602,Kurnool,Adoni,Cotton,Bunny,FAQ,6000,9300,8345,07-Oct-22
457,Kurnool,Adoni,Cotton,Bunny,FAQ,5416,9599,8389,08-Oct-22
597,Kurnool,Adoni,Cotton,Bunny,FAQ,5960,9879,8586,10-Oct-22
603,Kurnool,Adoni,Cotton,Bunny,FAQ,6000,9911,8600,11-Oct-22
604,Kurnool,Adoni,Cotton,Bunny,FAQ,6000,9922,8579,12-Oct-22
586,Kurnool,Adoni,Cotton,Bunny,FAQ,5869,9799,8411,13-Oct-22
585,Kurnool,Adoni,Cotton,Bunny,FAQ,5869,9450,8369,14-Oct-22
560,Kurnool,Adoni,Cotton,Bunny,FAQ,5696,9399,8369,15-Oct-22
520,Kurnool,Adoni,Cotton,Bunny,FAQ,5586,9429,8399,17-Oct-22
528,Kurnool,Adoni,Cotton,Bunny,FAQ,5596,9458,8389,18-Oct-22
426,Kurnool,Adoni,Cotton,Bunny,FAQ,5369,8599,7369,27-Oct-22
417,Kurnool,Adoni,Cotton,Bunny,FAQ,5360,8699,8159,28-Oct-22
425,Kurnool,Adoni,Cotton,Bunny,FAQ,5369,8549,8129,29-Oct-22
446,Kurnool,Adoni,Cotton,Bunny,FAQ,5396,8586,8159,31-Oct-22
402,Kurnool,Adoni,Cotton,Bunny,FAQ,5300,8597,8189,01-Nov-22
436,Kurnool,Adoni,Cotton,Bunny,FAQ,5386,8699,8197,02-Nov-22
418,Kurnool,Adoni,Cotton,Bunny,FAQ,5360,8729,8269,03-Nov-22
416,Kurnool,Adoni,Cotton,Bunny,FAQ,5359,8888,8389,04-Nov-22
495,Kurnool,Adoni,Cotton,Bunny,FAQ,5500,9047,8459,05-Nov-22
566,Kurnool,Adoni,Cotton,Bunny,FAQ,5728,9388,8510,07-Nov-22
562,Kurnool,Adoni,Cotton,Bunny,FAQ,5706,9499,8529,08-Nov-22
553,Kurnool,Adoni,Cotton,Bunny,FAQ,5686,9342,8459,09-Nov-22
557,Kurnool,Adoni,Cotton,Bunny,FAQ,5689,9121,8559,10-Nov-22
549,Kurnool,Adoni,Cotton,Bunny,FAQ,5669,9369,8559,12-Nov-22
626,Kurnool,Adoni,Cotton,Bunny,FAQ,6209,9629,8639,14-Nov-22
598,Kurnool,Adoni,Cotton,Bunny,FAQ,5969,9559,8669,15-Nov-22
550,Kurnool,Adoni,Cotton,Bunny,FAQ,5669,9589,8569,16-Nov-22
537,Kurnool,Adoni,Cotton,Bunny,FAQ,5619,9519,8549,17-Nov-22
508,Kurnool,Adoni,Cotton,Bunny,FAQ,5529,9329,8550,18-Nov-22
505,Kurnool,Adoni,Cotton,Bunny,FAQ,5519,9225,8459,19-Nov-22
504,Kurnool,Adoni,Cotton,Bunny,FAQ,5519,8999,8429,21-Nov-22
503,Kurnool,Adoni,Cotton,Bunny,FAQ,5519,8901,8429,22-Nov-22
559,Kurnool,Adoni,Cotton,Bunny,FAQ,5696,9035,8466,24-Nov-22
548,Kurnool,Adoni,Cotton,Bunny,FAQ,5669,9201,8489,25-Nov-22
543,Kurnool,Adoni,Cotton,Bunny,FAQ,5659,9129,8479,28-Nov-22
479,Kurnool,Adoni,Cotton,Bunny,FAQ,5469,9117,8466,29-Nov-22
534,Kurnool,Adoni,Cotton,Bunny,FAQ,5609,9099,8469,30-Nov-22
478,Kurnool,Adoni,Cotton,Bunny,FAQ,5469,9089,8475,01-Dec-22
536,Kurnool,Adoni,Cotton,Bunny,FAQ,5612,9080,8470,02-Dec-22
507,Kurnool,Adoni,Cotton,Bunny,FAQ,5529,8889,8469,03-Dec-22
492,Kurnool,Adoni,Cotton,Bunny,FAQ,5499,8808,8469,05-Dec-22
427,Kurnool,Adoni,Cotton,Bunny,FAQ,5369,8600,8389,06-Dec-22
445,Kurnool,Adoni,Cotton,Bunny,FAQ,5396,8466,8316,07-Dec-22
570,Kurnool,Adoni,Cotton,Bunny,FAQ,5767,8489,8319,08-Dec-22
488,Kurnool,Adoni,Cotton,Bunny,FAQ,5486,8585,8289,09-Dec-22
538,Kurnool,Adoni,Cotton,Bunny,FAQ,5629,8449,8319,10-Dec-22
472,Kurnool,Adoni,Cotton,Bunny,FAQ,5467,8469,8269,12-Dec-22
432,Kurnool,Adoni,Cotton,Bunny,FAQ,5371,8379,8209,13-Dec-22
487,Kurnool,Adoni,Cotton,Bunny,FAQ,5486,8379,8229,14-Dec-22
454,Kurnool,Adoni,Cotton,Bunny,FAQ,5409,8400,8259,15-Dec-22
497,Kurnool,Adoni,Cotton,Bunny,FAQ,5507,8569,8329,16-Dec-22
494,Kurnool,Adoni,Cotton,Bunny,FAQ,5500,8459,8266,17-Dec-22
411,Kurnool,Adoni,Cotton,Bunny,FAQ,5329,8450,8279,19-Dec-22
441,Kurnool,Adoni,Cotton,Bunny,FAQ,5389,8421,8270,20-Dec-22
477,Kurnool,Adoni,Cotton,Bunny,FAQ,5469,8469,8239,21-Dec-22
510,Kurnool,Adoni,Cotton,Bunny,FAQ,5541,8400,8211,22-Dec-22
449,Kurnool,Adoni,Cotton,Bunny,FAQ,5399,8159,7891,24-Dec-22
420,Kurnool,Adoni,Cotton,Bunny,FAQ,5367,7899,7599,26-Dec-22
322,Kurnool,Adoni,Cotton,Bunny,FAQ,5006,7499,7289,27-Dec-22
356,Kurnool,Adoni,Cotton,Bunny,FAQ,5139,7515,7299,28-Dec-22
483,Kurnool,Adoni,Cotton,Bunny,FAQ,5470,7659,7359,29-Dec-22
392,Kurnool,Adoni,Cotton,Bunny,FAQ,5269,7681,7349,30-Dec-22
572,Kurnool,Adoni,Cotton,Bunny,FAQ,5777,7711,7358,31-Dec-22
512,Kurnool,Adoni,Cotton,Bunny,FAQ,5560,8109,7769,02-Jan-23
558,Kurnool,Adoni,Cotton,Bunny,FAQ,5696,8250,7869,03-Jan-23
589,Kurnool,Adoni,Cotton,Bunny,FAQ,5889,8366,7869,04-Jan-23
535,Kurnool,Adoni,Cotton,Bunny,FAQ,5611,8479,7900,05-Jan-23
621,Kurnool,Adoni,Cotton,Bunny,FAQ,6086,8560,8066,06-Jan-23
636,Kurnool,Adoni,Cotton,Bunny,FAQ,6289,8630,8100,07-Jan-23
600,Kurnool,Adoni,Cotton,Bunny,FAQ,5970,8680,8109,09-Jan-23
628,Kurnool,Adoni,Cotton,Bunny,FAQ,6211,8689,8109,10-Jan-23
555,Kurnool,Adoni,Cotton,Bunny,FAQ,5687,8649,8109,11-Jan-23
532,Kurnool,Adoni,Cotton,Bunny,FAQ,5607,8459,8064,12-Jan-23
473,Kurnool,Adoni,Cotton,Bunny,FAQ,5467,8689,8109,13-Jan-23
640,Kurnool,Adoni,Cotton,Bunny,FAQ,6356,8540,8089,17-Jan-23
428,Kurnool,Adoni,Cotton,Bunny,FAQ,5369,8613,8109,19-Jan-23
502,Kurnool,Adoni,Cotton,Bunny,FAQ,5519,8546,8150,20-Jan-23
533,Kurnool,Adoni,Cotton,Bunny,FAQ,5609,8508,8181,23-Jan-23
491,Kurnool,Adoni,Cotton,Bunny,FAQ,5489,8350,8089,24-Jan-23
471,Kurnool,Adoni,Cotton,Bunny,FAQ,5467,8315,8067,25-Jan-23
431,Kurnool,Adoni,Cotton,Bunny,FAQ,5370,8289,8059,27-Jan-23
394,Kurnool,Adoni,Cotton,Bunny,FAQ,5269,8079,7890,28-Jan-23
381,Kurnool,Adoni,Cotton,Bunny,FAQ,5239,8075,7889,30-Jan-23
383,Kurnool,Adoni,Cotton,Bunny,FAQ,5247,8126,7840,31-Jan-23
258,Kurnool,Adoni,Cotton,Bunny,FAQ,4816,8131,7900,01-Feb-23
264,Kurnool,Adoni,Cotton,Bunny,FAQ,4849,8100,7860,02-Feb-23
305,Kurnool,Adoni,Cotton,Bunny,FAQ,4911,8120,7860,03-Feb-23
421,Kurnool,Adoni,Cotton,Bunny,FAQ,5367,8149,7879,04-Feb-23
378,Kurnool,Adoni,Cotton,Bunny,FAQ,5229,7989,7809,06-Feb-23
384,Kurnool,Adoni,Cotton,Bunny,FAQ,5249,7859,7669,07-Feb-23
397,Kurnool,Adoni,Cotton,Bunny,FAQ,5287,7921,7659,08-Feb-23
385,Kurnool,Adoni,Cotton,Bunny,FAQ,5256,7852,7659,09-Feb-23
423,Kurnool,Adoni,Cotton,Bunny,FAQ,5369,7885,7679,10-Feb-23
466,Kurnool,Adoni,Cotton,Bunny,FAQ,5460,7891,7679,11-Feb-23
594,Kurnool,Adoni,Cotton,Bunny,FAQ,5911,8071,7859,13-Feb-23
331,Kurnool,Adoni,Cotton,Bunny,FAQ,5037,8139,7869,14-Feb-23
601,Kurnool,Adoni,Cotton,Bunny,FAQ,6000,8105,7859,15-Feb-23
591,Kurnool,Adoni,Cotton,Bunny,FAQ,5900,8091,7869,16-Feb-23
407,Kurnool,Adoni,Cotton,Bunny,FAQ,5311,8107,7811,17-Feb-23
424,Kurnool,Adoni,Cotton,Bunny,FAQ,5369,8045,7779,21-Feb-23
393,Kurnool,Adoni,Cotton,Bunny,FAQ,5269,8075,7745,22-Feb-23
391,Kurnool,Adoni,Cotton,Bunny,FAQ,5267,8091,7775,24-Feb-23
372,Kurnool,Adoni,Cotton,Bunny,FAQ,5209,8012,7759,25-Feb-23
399,Kurnool,Adoni,Cotton,Bunny,FAQ,5289,7881,7659,27-Feb-23
522,Kurnool,Adoni,Cotton,Bunny,FAQ,5587,7921,7681,28-Feb-23
475,Kurnool,Adoni,Cotton,Bunny,FAQ,5468,7849,7631,01-Mar-23
545,Kurnool,Adoni,Cotton,Bunny,FAQ,5667,7876,7639,02-Mar-23
542,Kurnool,Adoni,Cotton,Bunny,FAQ,5659,7785,7569,03-Mar-23
573,Kurnool,Adoni,Cotton,Bunny,FAQ,5777,7796,7456,04-Mar-23
509,Kurnool,Adoni,Cotton,Bunny,FAQ,5537,7792,7456,06-Mar-23
265,Kurnool,Adoni,Cotton,Bunny,FAQ,4859,7611,7419,08-Mar-23
460,Kurnool,Adoni,Cotton,Bunny,FAQ,5437,7625,7389,09-Mar-23
463,Kurnool,Adoni,Cotton,Bunny,FAQ,5449,7585,7331,10-Mar-23
556,Kurnool,Adoni,Cotton,Bunny,FAQ,5689,7575,7319,11-Mar-23
395,Kurnool,Adoni,Cotton,Bunny,FAQ,5282,7520,7229,13-Mar-23
451,Kurnool,Adoni,Cotton,Bunny,FAQ,5407,7489,7269,14-Mar-23
544,Kurnool,Adoni,Cotton,Bunny,FAQ,5666,7539,7348,15-Mar-23
448,Kurnool,Adoni,Cotton,Bunny,FAQ,5399,7569,7269,20-Mar-23
462,Kurnool,Adoni,Cotton,Bunny,FAQ,5447,8169,7769,12-Apr-23
526,Kurnool,Adoni,Cotton,Bunny,FAQ,5589,8179,7799,13-Apr-23
470,Kurnool,Adoni,Cotton,Bunny,FAQ,5467,8199,7780,15-Apr-23
476,Kurnool,Adoni,Cotton,Bunny,FAQ,5469,8201,7769,17-Apr-23
390,Kurnool,Adoni,Cotton,Bunny,FAQ,5267,8064,7721,18-Apr-23
415,Kurnool,Adoni,Cotton,Bunny,FAQ,5337,8079,7780,19-Apr-23
414,Kurnool,Adoni,Cotton,Bunny,FAQ,5337,8056,7780,20-Apr-23
413,Kurnool,Adoni,Cotton,Bunny,FAQ,5337,7929,7689,24-Apr-23
380,Kurnool,Adoni,Cotton,Bunny,FAQ,5239,7939,7615,25-Apr-23
368,Kurnool,Adoni,Cotton,Bunny,FAQ,5199,7879,7639,26-Apr-23
332,Kurnool,Adoni,Cotton,Bunny,FAQ,5059,7685,7479,27-Apr-23
278,Kurnool,Adoni,Cotton,Bunny,FAQ,4867,7609,7399,28-Apr-23
176,Kurnool,Adoni,Cotton,Bunny,FAQ,4567,7500,7369,29-Apr-23
244,Kurnool,Adoni,Cotton,Bunny,FAQ,4789,7599,7379,02-May-23
210,Kurnool,Adoni,Cotton,Bunny,FAQ,4677,7499,7279,03-May-23
196,Kurnool,Adoni,Cotton,Bunny,FAQ,4639,7519,7289,04-May-23
287,Kurnool,Adoni,Cotton,Bunny,FAQ,4869,7619,7299,05-May-23
355,Kurnool,Adoni,Cotton,Bunny,FAQ,5129,7682,7389,08-May-23
398,Kurnool,Adoni,Cotton,Bunny,FAQ,5289,7700,7480,09-May-23
364,Kurnool,Adoni,Cotton,Bunny,FAQ,5189,7650,7399,10-May-23
307,Kurnool,Adoni,Cotton,Bunny,FAQ,4925,7669,7389,11-May-23
339,Kurnool,Adoni,Cotton,Bunny,FAQ,5069,7611,7379,13-May-23
262,Kurnool,Adoni,Cotton,Bunny,FAQ,4829,7538,7299,15-May-23
259,Kurnool,Adoni,Cotton,Bunny,FAQ,4819,7480,7241,16-May-23
286,Kurnool,Adoni,Cotton,Bunny,FAQ,4869,7459,7269,17-May-23
189,Kurnool,Adoni,Cotton,Bunny,FAQ,4607,7401,7289,18-May-23
165,Kurnool,Adoni,Cotton,Bunny,FAQ,4516,7319,7259,20-May-23
1,Kurnool,Adoni,Cotton,Bunny,FAQ,3800,7264,7099,22-May-23
172,Kurnool,Adoni,Cotton,Bunny,FAQ,4556,7069,6889,23-May-23
97,Kurnool,Adoni,Cotton,Bunny,FAQ,4267,6686,6489,24-May-23
102,Kurnool,Adoni,Cotton,Bunny,FAQ,4287,6681,6414,25-May-23
121,Kurnool,Adoni,Cotton,Bunny,FAQ,4368,6600,6369,26-May-23
131,Kurnool,Adoni,Cotton,Bunny,FAQ,4409,6767,6404,27-May-23
248,Kurnool,Adoni,Cotton,Bunny,FAQ,4807,7159,6911,29-May-23
175,Kurnool,Adoni,Cotton,Bunny,FAQ,4567,7309,7069,30-May-23
185,Kurnool,Adoni,Cotton,Bunny,FAQ,4589,7279,7050,31-May-23
225,Kurnool,Adoni,Cotton,Bunny,FAQ,4709,7293,7089,01-Jun-23
489,Kurnool,Adoni,Cotton,Bunny,FAQ,5489,7289,7066,02-Jun-23
362,Kurnool,Adoni,Cotton,Bunny,FAQ,5187,7379,7099,03-Jun-23
388,Kurnool,Adoni,Cotton,Bunny,FAQ,5267,7560,7311,05-Jun-23
524,Kurnool,Adoni,Cotton,Bunny,FAQ,5589,7355,7101,06-Jun-23
349,Kurnool,Adoni,Cotton,Bunny,FAQ,5099,7320,7081,07-Jun-23
285,Kurnool,Adoni,Cotton,Bunny,FAQ,4869,7299,7075,08-Jun-23
341,Kurnool,Adoni,Cotton,Bunny,FAQ,5089,7289,7089,09-Jun-23
254,Kurnool,Adoni,Cotton,Bunny,FAQ,4809,7312,7080,10-Jun-23
288,Kurnool,Adoni,Cotton,Bunny,FAQ,4877,7290,7081,12-Jun-23
353,Kurnool,Adoni,Cotton,Bunny,FAQ,5106,7264,7080,13-Jun-23
208,Kurnool,Adoni,Cotton,Bunny,FAQ,4677,7200,7059,14-Jun-23
140,Kurnool,Adoni,Cotton,Bunny,FAQ,4489,7119,6939,15-Jun-23
158,Kurnool,Adoni,Cotton,Bunny,FAQ,4509,7133,6969,16-Jun-23
174,Kurnool,Adoni,Cotton,Bunny,FAQ,4566,7129,6959,17-Jun-23
136,Kurnool,Adoni,Cotton,Bunny,FAQ,4459,7269,7039,19-Jun-23
171,Kurnool,Adoni,Cotton,Bunny,FAQ,4549,7308,7080,20-Jun-23
207,Kurnool,Adoni,Cotton,Bunny,FAQ,4677,7179,6989,21-Jun-23
124,Kurnool,Adoni,Cotton,Bunny,FAQ,4377,7155,6969,22-Jun-23
238,Kurnool,Adoni,Cotton,Bunny,FAQ,4777,7109,6969,23-Jun-23
222,Kurnool,Adoni,Cotton,Bunny,FAQ,4706,7029,6859,24-Jun-23
183,Kurnool,Adoni,Cotton,Bunny,FAQ,4589,7015,6869,26-Jun-23
156,Kurnool,Adoni,Cotton,Bunny,FAQ,4509,6800,6569,27-Jun-23
129,Kurnool,Adoni,Cotton,Bunny,FAQ,4399,6859,6539,28-Jun-23
214,Kurnool,Adoni,Cotton,Bunny,FAQ,4689,7029,6779,30-Jun-23
250,Kurnool,Adoni,Cotton,Bunny,FAQ,4809,7119,6789,01-Jul-23
203,Kurnool,Adoni,Cotton,Bunny,FAQ,4667,7159,6770,03-Jul-23
145,Kurnool,Adoni,Cotton,Bunny,FAQ,4499,7259,6829,04-Jul-23
146,Kurnool,Adoni,Cotton,Bunny,FAQ,4500,7229,6884,05-Jul-23
348,Kurnool,Adoni,Cotton,Bunny,FAQ,5099,7209,6855,06-Jul-23
274,Kurnool,Adoni,Cotton,Bunny,FAQ,4867,7229,6869,07-Jul-23
484,Kurnool,Adoni,Cotton,Bunny,FAQ,5477,7229,6889,08-Jul-23
252,Kurnool,Adoni,Cotton,Bunny,FAQ,4809,7211,6853,10-Jul-23
125,Kurnool,Adoni,Cotton,Bunny,FAQ,4389,7189,6869,11-Jul-23
218,Kurnool,Adoni,Cotton,Bunny,FAQ,4697,7210,6900,12-Jul-23
209,Kurnool,Adoni,Cotton,Bunny,FAQ,4677,7249,6900,13-Jul-23
126,Kurnool,Adoni,Cotton,Bunny,FAQ,4389,7200,6900,14-Jul-23
184,Kurnool,Adoni,Cotton,Bunny,FAQ,4589,7230,6989,18-Jul-23
99,Kurnool,Adoni,Cotton,Bunny,FAQ,4269,7094,6744,19-Jul-23
382,Kurnool,Adoni,Cotton,Bunny,FAQ,5241,7250,6949,20-Jul-23
113,Kurnool,Adoni,Cotton,Bunny,FAQ,4311,7263,6969,21-Jul-23
236,Kurnool,Adoni,Cotton,Bunny,FAQ,4769,7309,7099,22-Jul-23
342,Kurnool,Adoni,Cotton,Bunny,FAQ,5089,7351,7095,24-Jul-23
220,Kurnool,Adoni,Cotton,Bunny,FAQ,4699,7389,7081,25-Jul-23
595,Kurnool,Adoni,Cotton,Bunny,FAQ,5919,7433,7100,26-Jul-23
652,Kurnool,Adoni,Cotton,Bunny,FAQ,6487,7433,6927,27-Jul-23
226,Kurnool,Adoni,Cotton,Bunny,FAQ,4709,7369,6964,28-Jul-23
217,Kurnool,Adoni,Cotton,Bunny,FAQ,4689,7369,7068,31-Jul-23
142,Kurnool,Adoni,Cotton,Bunny,FAQ,4489,7369,7050,01-Aug-23
490,Kurnool,Adoni,Cotton,Bunny,FAQ,5489,7419,7104,02-Aug-23
271,Kurnool,Adoni,Cotton,Bunny,FAQ,4866,7399,7071,03-Aug-23
275,Kurnool,Adoni,Cotton,Bunny,FAQ,4867,7412,7081,04-Aug-23
246,Kurnool,Adoni,Cotton,Bunny,FAQ,4797,7479,7155,05-Aug-23
513,Kurnool,Adoni,Cotton,Bunny,FAQ,5567,7495,7130,07-Aug-23
371,Kurnool,Adoni,Cotton,Bunny,FAQ,5208,7570,7170,08-Aug-23
563,Kurnool,Adoni,Cotton,Bunny,FAQ,5708,7569,7250,09-Aug-23
338,Kurnool,Adoni,Cotton,Bunny,FAQ,5068,7621,7250,10-Aug-23
346,Kurnool,Adoni,Cotton,Bunny,FAQ,5097,7708,7320,11-Aug-23
433,Kurnool,Adoni,Cotton,Bunny,FAQ,5377,7821,7389,12-Aug-23
455,Kurnool,Adoni,Cotton,Bunny,FAQ,5416,7889,7341,14-Aug-23
584,Kurnool,Adoni,Cotton,Bunny,FAQ,5859,8010,7411,17-Aug-23
485,Kurnool,Adoni,Cotton,Bunny,FAQ,5477,8029,7429,18-Aug-23
422,Kurnool,Adoni,Cotton,Bunny,FAQ,5368,8033,7439,19-Aug-23
620,Kurnool,Adoni,Cotton,Bunny,FAQ,6069,8029,7469,21-Aug-23
357,Kurnool,Adoni,Cotton,Bunny,FAQ,5139,7994,7369,22-Aug-23
350,Kurnool,Adoni,Cotton,Bunny,FAQ,5099,7932,7366,23-Aug-23
326,Kurnool,Adoni,Cotton,Bunny,FAQ,5016,7729,7269,24-Aug-23
239,Kurnool,Adoni,Cotton,Bunny,FAQ,4777,7707,7369,25-Aug-23
323,Kurnool,Adoni,Cotton,Bunny,FAQ,5007,7659,7369,26-Aug-23
161,Kurnool,Adoni,Cotton,Bunny,FAQ,4511,7686,7359,28-Aug-23
230,Kurnool,Adoni,Cotton,Bunny,FAQ,4717,7690,7361,30-Aug-23
279,Kurnool,Adoni,Cotton,Bunny,FAQ,4867,7749,7369,31-Aug-23
243,Kurnool,Adoni,Cotton,Bunny,FAQ,4787,7759,7369,01-Sep-23
525,Kurnool,Adoni,Cotton,Bunny,FAQ,5589,7839,7389,02-Sep-23
554,Kurnool,Adoni,Cotton,Bunny,FAQ,5687,7889,7389,04-Sep-23
257,Kurnool,Adoni,Cotton,Bunny,FAQ,4816,7835,7375,05-Sep-23
221,Kurnool,Adoni,Cotton,Bunny,FAQ,4699,7740,7366,07-Sep-23
245,Kurnool,Adoni,Cotton,Bunny,FAQ,4789,7679,7369,08-Sep-23
582,Kurnool,Adoni,Cotton,Bunny,FAQ,5839,7750,7380,09-Sep-23
336,Kurnool,Adoni,Cotton,Bunny,FAQ,5067,7729,7380,12-Sep-23
514,Kurnool,Adoni,Cotton,Bunny,FAQ,5568,7749,7389,13-Sep-23
540,Kurnool,Adoni,Cotton,Bunny,FAQ,5637,7778,7390,15-Sep-23
410,Kurnool,Adoni,Cotton,Bunny,FAQ,5329,7779,7459,16-Sep-23
343,Kurnool,Adoni,Cotton,Bunny,FAQ,5089,7738,7469,19-Sep-23
340,Kurnool,Adoni,Cotton,Bunny,FAQ,5087,7730,7469,20-Sep-23
344,Kurnool,Adoni,Cotton,Bunny,FAQ,5089,7738,7469,21-Sep-23
367,Kurnool,Adoni,Cotton,Bunny,FAQ,5199,7700,7459,23-Sep-23
297,Kurnool,Adoni,Cotton,Bunny,FAQ,4889,7581,7289,25-Sep-23
295,Kurnool,Adoni,Cotton,Bunny,FAQ,4889,7508,7269,26-Sep-23
268,Kurnool,Adoni,Cotton,Bunny,FAQ,4860,7449,7259,27-Sep-23
269,Kurnool,Adoni,Cotton,Bunny,FAQ,4860,7459,7269,29-Sep-23
270,Kurnool,Adoni,Cotton,Bunny,FAQ,4860,7459,7269,30-Sep-23
267,Kurnool,Adoni,Cotton,Bunny,FAQ,4860,7398,7120,03-Oct-23
294,Kurnool,Adoni,Cotton,Bunny,FAQ,4889,7394,7169,04-Oct-23
276,Kurnool,Adoni,Cotton,Bunny,FAQ,4867,7420,7169,05-Oct-23
263,Kurnool,Adoni,Cotton,Bunny,FAQ,4839,7429,7199,06-Oct-23
256,Kurnool,Adoni,Cotton,Bunny,FAQ,4816,7429,7189,07-Oct-23
235,Kurnool,Adoni,Cotton,Bunny,FAQ,4759,7455,7189,09-Oct-23
234,Kurnool,Adoni,Cotton,Bunny,FAQ,4752,7464,7199,10-Oct-23
289,Kurnool,Adoni,Cotton,Bunny,FAQ,4877,7479,7199,11-Oct-23
605,Kurnool,Adoni,Cotton,Bunny,FAQ,6000,9922,8579,12-Oct-23
197,Kurnool,Adoni,Cotton,Bunny,FAQ,4659,7390,7169,13-Oct-23
324,Kurnool,Adoni,Cotton,Bunny,FAQ,5008,7502,7209,16-Oct-23
333,Kurnool,Adoni,Cotton,Bunny,FAQ,5066,7539,7229,17-Oct-23
242,Kurnool,Adoni,Cotton,Bunny,FAQ,4787,7564,7289,18-Oct-23
249,Kurnool,Adoni,Cotton,Bunny,FAQ,4808,7580,7289,19-Oct-23
261,Kurnool,Adoni,Cotton,Bunny,FAQ,4826,7579,7299,20-Oct-23
296,Kurnool,Adoni,Cotton,Bunny,FAQ,4889,7580,7300,21-Oct-23
377,Kurnool,Adoni,Cotton,Bunny,FAQ,5229,7600,7311,26-Oct-23
360,Kurnool,Adoni,Cotton,Bunny,FAQ,5169,7711,7389,27-Oct-23
347,Kurnool,Adoni,Cotton,Bunny,FAQ,5097,7939,7477,30-Oct-23
365,Kurnool,Adoni,Cotton,Bunny,FAQ,5189,7880,7569,31-Oct-23
306,Kurnool,Adoni,Cotton,Bunny,FAQ,4916,7785,7339,01-Nov-23
233,Kurnool,Adoni,Cotton,Bunny,FAQ,4729,7821,7389,02-Nov-23
320,Kurnool,Adoni,Cotton,Bunny,FAQ,5002,7777,7389,03-Nov-23
501,Kurnool,Adoni,Cotton,Bunny,FAQ,5519,7754,7379,04-Nov-23
282,Kurnool,Adoni,Cotton,Bunny,FAQ,4868,7686,7369,06-Nov-23
311,Kurnool,Adoni,Cotton,Bunny,FAQ,4989,7604,7369,07-Nov-23
272,Kurnool,Adoni,Cotton,Bunny,FAQ,4866,7549,7339,08-Nov-23
159,Kurnool,Adoni,Cotton,Bunny,FAQ,4509,7444,7260,09-Nov-23
301,Kurnool,Adoni,Cotton,Bunny,FAQ,4906,7444,7275,10-Nov-23
193,Kurnool,Adoni,Cotton,Bunny,FAQ,4609,7453,7279,15-Nov-23
135,Kurnool,Adoni,Cotton,Bunny,FAQ,4447,7488,7249,16-Nov-23
412,Kurnool,Adoni,Cotton,Bunny,FAQ,5337,7462,7289,17-Nov-23
237,Kurnool,Adoni,Cotton,Bunny,FAQ,4776,7451,7269,18-Nov-23
160,Kurnool,Adoni,Cotton,Bunny,FAQ,4509,7479,7275,20-Nov-23
170,Kurnool,Adoni,Cotton,Bunny,FAQ,4541,7316,7199,21-Nov-23
133,Kurnool,Adoni,Cotton,Bunny,FAQ,4439,7295,7189,22-Nov-23
284,Kurnool,Adoni,Cotton,Bunny,FAQ,4869,7259,7199,23-Nov-23
141,Kurnool,Adoni,Cotton,Bunny,FAQ,4489,7240,7179,24-Nov-23
164,Kurnool,Adoni,Cotton,Bunny,FAQ,4516,7251,7189,25-Nov-23
123,Kurnool,Adoni,Cotton,Bunny,FAQ,4369,7268,7164,28-Nov-23
181,Kurnool,Adoni,Cotton,Bunny,FAQ,4587,7277,7189,29-Nov-23
168,Kurnool,Adoni,Cotton,Bunny,FAQ,4519,7249,7179,30-Nov-23
352,Kurnool,Adoni,Cotton,Bunny,FAQ,5106,7244,7159,01-Dec-23
498,Kurnool,Adoni,Cotton,Bunny,FAQ,5508,7264,7169,02-Dec-23
118,Kurnool,Adoni,Cotton,Bunny,FAQ,4349,7239,7169,04-Dec-23
119,Kurnool,Adoni,Cotton,Bunny,FAQ,4359,7190,7080,05-Dec-23
438,Kurnool,Adoni,Cotton,Bunny,FAQ,5389,7139,7089,06-Dec-23
387,Kurnool,Adoni,Cotton,Bunny,FAQ,5267,7174,7090,07-Dec-23
144,Kurnool,Adoni,Cotton,Bunny,FAQ,4497,7198,7094,08-Dec-23
253,Kurnool,Adoni,Cotton,Bunny,FAQ,4809,7239,7126,09-Dec-23
439,Kurnool,Adoni,Cotton,Bunny,FAQ,5389,7278,7189,11-Dec-23
134,Kurnool,Adoni,Cotton,Bunny,FAQ,4447,7250,7150,13-Dec-23
163,Kurnool,Adoni,Cotton,Bunny,FAQ,4516,7189,7064,14-Dec-23
116,Kurnool,Adoni,Cotton,Bunny,FAQ,4319,7119,7056,15-Dec-23
98,Kurnool,Adoni,Cotton,Bunny,FAQ,4268,7095,6949,16-Dec-23
157,Kurnool,Adoni,Cotton,Bunny,FAQ,4509,6994,6794,18-Dec-23
74,Kurnool,Adoni,Cotton,Bunny,FAQ,4209,6960,6750,19-Dec-23
106,Kurnool,Adoni,Cotton,Bunny,FAQ,4306,6989,6795,20-Dec-23
212,Kurnool,Adoni,Cotton,Bunny,FAQ,4688,6951,6759,21-Dec-23
100,Kurnool,Adoni,Cotton,Bunny,FAQ,4280,6931,6759,22-Dec-23
266,Kurnool,Adoni,Cotton,Bunny,FAQ,4860,6966,6769,23-Dec-23
115,Kurnool,Adoni,Cotton,Bunny,FAQ,4319,7012,6889,26-Dec-23
293,Kurnool,Adoni,Cotton,Bunny,FAQ,4889,7029,6869,27-Dec-23
227,Kurnool,Adoni,Cotton,Bunny,FAQ,4711,7051,6859,28-Dec-23
240,Kurnool,Adoni,Cotton,Bunny,FAQ,4787,7099,6869,29-Dec-23
231,Kurnool,Adoni,Cotton,Bunny,FAQ,4719,7120,6900,02-Jan-24
369,Kurnool,Adoni,Cotton,Bunny,FAQ,5206,7161,6921,03-Jan-24
499,Kurnool,Adoni,Cotton,Bunny,FAQ,5509,7209,6979,04-Jan-24
363,Kurnool,Adoni,Cotton,Bunny,FAQ,5188,7209,6989,05-Jan-24
154,Kurnool,Adoni,Cotton,Bunny,FAQ,4505,7199,6981,06-Jan-24
219,Kurnool,Adoni,Cotton,Bunny,FAQ,4699,7200,6998,08-Jan-24
358,Kurnool,Adoni,Cotton,Bunny,FAQ,5168,7160,6981,09-Jan-24
283,Kurnool,Adoni,Cotton,Bunny,FAQ,4869,7145,6959,10-Jan-24
325,Kurnool,Adoni,Cotton,Bunny,FAQ,5009,7098,6889,12-Jan-24
453,Kurnool,Adoni,Cotton,Bunny,FAQ,5409,7150,6900,13-Jan-24
376,Kurnool,Adoni,Cotton,Bunny,FAQ,5229,7139,6900,17-Jan-24
374,Kurnool,Adoni,Cotton,Bunny,FAQ,5216,7135,6899,18-Jan-24
202,Kurnool,Adoni,Cotton,Bunny,FAQ,4667,7137,6989,19-Jan-24
404,Kurnool,Adoni,Cotton,Bunny,FAQ,5308,7056,6849,20-Jan-24
251,Kurnool,Adoni,Cotton,Bunny,FAQ,4809,7161,6969,23-Jan-24
224,Kurnool,Adoni,Cotton,Bunny,FAQ,4709,7099,6939,24-Jan-24
206,Kurnool,Adoni,Cotton,Bunny,FAQ,4677,7149,6981,25-Jan-24
299,Kurnool,Adoni,Cotton,Bunny,FAQ,4897,7060,6889,27-Jan-24
260,Kurnool,Adoni,Cotton,Bunny,FAQ,4826,7065,6911,29-Jan-24
213,Kurnool,Adoni,Cotton,Bunny,FAQ,4688,6969,6759,30-Jan-24
188,Kurnool,Adoni,Cotton,Bunny,FAQ,4606,7029,6779,31-Jan-24
155,Kurnool,Adoni,Cotton,Bunny,FAQ,4506,7010,6759,01-Feb-24
223,Kurnool,Adoni,Cotton,Bunny,FAQ,4706,7039,6769,02-Feb-24
290,Kurnool,Adoni,Cotton,Bunny,FAQ,4880,7069,6780,03-Feb-24
167,Kurnool,Adoni,Cotton,Bunny,FAQ,4519,7059,6769,05-Feb-24
191,Kurnool,Adoni,Cotton,Bunny,FAQ,4608,7069,6759,06-Feb-24
122,Kurnool,Adoni,Cotton,Bunny,FAQ,4368,7059,6789,07-Feb-24
110,Kurnool,Adoni,Cotton,Bunny,FAQ,4309,7079,6759,08-Feb-24
215,Kurnool,Adoni,Cotton,Bunny,FAQ,4689,7127,6869,10-Feb-24
273,Kurnool,Adoni,Cotton,Bunny,FAQ,4867,7195,6899,12-Feb-24
405,Kurnool,Adoni,Cotton,Bunny,FAQ,5308,7120,6889,13-Feb-24
327,Kurnool,Adoni,Cotton,Bunny,FAQ,5019,7169,6889,14-Feb-24
366,Kurnool,Adoni,Cotton,Bunny,FAQ,5190,7290,6900,15-Feb-24
147,Kurnool,Adoni,Cotton,Bunny,FAQ,4500,7351,7180,16-Feb-24
192,Kurnool,Adoni,Cotton,Bunny,FAQ,4609,7389,7179,17-Feb-24
386,Kurnool,Adoni,Cotton,Bunny,FAQ,5266,7461,7001,19-Feb-24
211,Kurnool,Adoni,Cotton,Bunny,FAQ,4687,7419,6969,20-Feb-24
300,Kurnool,Adoni,Cotton,Bunny,FAQ,4900,7361,6765,21-Feb-24
409,Kurnool,Adoni,Cotton,Bunny,FAQ,5318,7460,7280,22-Feb-24
204,Kurnool,Adoni,Cotton,Bunny,FAQ,4667,7452,6900,23-Feb-24
334,Kurnool,Adoni,Cotton,Bunny,FAQ,5067,7457,6880,24-Feb-24
277,Kurnool,Adoni,Cotton,Bunny,FAQ,4867,7470,7000,26-Feb-24
440,Kurnool,Adoni,Cotton,Bunny,FAQ,5389,7679,7199,27-Feb-24
337,Kurnool,Adoni,Cotton,Bunny,FAQ,5067,7862,7459,28-Feb-24
469,Kurnool,Adoni,Cotton,Bunny,FAQ,5467,7849,7411,29-Feb-24
201,Kurnool,Adoni,Cotton,Bunny,FAQ,4666,7829,7459,01-Mar-24
406,Kurnool,Adoni,Cotton,Bunny,FAQ,5309,7794,7261,02-Mar-24
199,Kurnool,Adoni,Cotton,Bunny,FAQ,4660,7769,7389,04-Mar-24
468,Kurnool,Adoni,Cotton,Bunny,FAQ,5467,7789,7209,05-Mar-24
280,Kurnool,Adoni,Cotton,Bunny,FAQ,4867,7777,7569,06-Mar-24
200,Kurnool,Adoni,Cotton,Bunny,FAQ,4665,7799,7469,07-Mar-24
330,Kurnool,Adoni,Cotton,Bunny,FAQ,5028,8029,7569,12-Mar-24
547,Kurnool,Adoni,Cotton,Bunny,FAQ,5667,8089,7559,13-Mar-24
281,Kurnool,Adoni,Cotton,Bunny,FAQ,4867,8100,7659,14-Mar-24
546,Kurnool,Adoni,Cotton,Bunny,FAQ,5667,8069,7749,15-Mar-24
345,Kurnool,Adoni,Cotton,Bunny,FAQ,5089,8071,7589,16-Mar-24
169,Kurnool,Adoni,Cotton,Bunny,FAQ,4520,8079,7569,18-Mar-24
180,Kurnool,Adoni,Cotton,Bunny,FAQ,4579,7979,7569,19-Mar-24
316,Kurnool,Adoni,Cotton,Bunny,FAQ,5000,7989,7460,20-Mar-24
186,Kurnool,Adoni,Cotton,Bunny,FAQ,4589,7929,7489,21-Mar-24
461,Kurnool,Adoni,Cotton,Bunny,FAQ,5439,7839,7569,26-Mar-24
396,Kurnool,Adoni,Cotton,Bunny,FAQ,5287,7869,7506,27-Mar-24
292,Kurnool,Adoni,Cotton,Bunny,FAQ,4880,7849,7459,28-Mar-24
430,Kurnool,Adoni,Cotton,Bunny,FAQ,5370,7868,7481,30-Mar-24
564,Kurnool,Adoni,Cotton,Bunny,FAQ,5708,7956,7569,01-Apr-24
523,Kurnool,Adoni,Cotton,Bunny,FAQ,5587,7992,7475,03-Apr-24
351,Kurnool,Adoni,Cotton,Bunny,FAQ,5099,7979,7711,04-Apr-24
373,Kurnool,Adoni,Cotton,Bunny,FAQ,5211,7855,7489,06-Apr-24
53,Kurnool,Adoni,Cotton,Bunny,FAQ,4007,7669,7519,12-Apr-24
389,Kurnool,Adoni,Cotton,Bunny,FAQ,5267,7717,7269,16-Apr-24
304,Kurnool,Adoni,Cotton,Bunny,FAQ,4909,7569,7389,19-Apr-24
309,Kurnool,Adoni,Cotton,Bunny,FAQ,4967,7610,7369,20-Apr-24
335,Kurnool,Adoni,Cotton,Bunny,FAQ,5067,7620,7416,22-Apr-24
298,Kurnool,Adoni,Cotton,Bunny,FAQ,4889,7619,7231,25-Apr-24
467,Kurnool,Adoni,Cotton,Bunny,FAQ,5467,7633,7429,26-Apr-24
486,Kurnool,Adoni,Cotton,Bunny,FAQ,5479,7667,7419,27-Apr-24
370,Kurnool,Adoni,Cotton,Bunny,FAQ,5207,7736,7426,29-Apr-24
569,Kurnool,Adoni,Cotton,Bunny,FAQ,5747,7689,7449,30-Apr-24
228,Kurnool,Adoni,Cotton,Bunny,FAQ,4711,7587,7269,02-May-24
308,Kurnool,Adoni,Cotton,Bunny,FAQ,4936,7525,7340,03-May-24
459,Kurnool,Adoni,Cotton,Bunny,FAQ,5429,7459,7259,04-May-24
329,Kurnool,Adoni,Cotton,Bunny,FAQ,5020,7530,7380,06-May-24
195,Kurnool,Adoni,Cotton,Bunny,FAQ,4627,7560,7429,07-May-24
359,Kurnool,Adoni,Cotton,Bunny,FAQ,5169,7579,7389,09-May-24
103,Kurnool,Adoni,Cotton,Bunny,FAQ,4287,7389,7260,11-May-24
450,Kurnool,Adoni,Cotton,Bunny,FAQ,5407,7171,6720,14-May-24
315,Kurnool,Adoni,Cotton,Bunny,FAQ,5000,7489,7269,15-May-24
400,Kurnool,Adoni,Cotton,Bunny,FAQ,5290,7490,7239,16-May-24
318,Kurnool,Adoni,Cotton,Bunny,FAQ,5001,7479,7279,17-May-24
314,Kurnool,Adoni,Cotton,Bunny,FAQ,5000,7489,7259,18-May-24
302,Kurnool,Adoni,Cotton,Bunny,FAQ,4906,7510,7379,20-May-24
241,Kurnool,Adoni,Cotton,Bunny,FAQ,4787,7539,7439,21-May-24
465,Kurnool,Adoni,Cotton,Bunny,FAQ,5459,7519,7267,22-May-24
182,Kurnool,Adoni,Cotton,Bunny,FAQ,4587,7655,7379,23-May-24
511,Kurnool,Adoni,Cotton,Bunny,FAQ,5555,7659,7459,24-May-24
592,Kurnool,Adoni,Cotton,Bunny,FAQ,5907,7559,7269,25-May-24
614,Kurnool,Adoni,Cotton,Bunny,FAQ,6009,7649,7389,27-May-24
47,Kurnool,Adoni,Cotton,Bunny,FAQ,4002,7619,7369,28-May-24
8,Kurnool,Adoni,Cotton,Bunny,FAQ,4000,7652,7329,29-May-24
42,Kurnool,Adoni,Cotton,Bunny,FAQ,4002,7575,7389,31-May-24
36,Kurnool,Adoni,Cotton,Bunny,FAQ,4002,7529,7364,01-Jun-24
39,Kurnool,Adoni,Cotton,Bunny,FAQ,4002,7559,7389,03-Jun-24
583,Kurnool,Adoni,Cotton,Bunny,FAQ,5859,7471,7370,05-Jun-24
40,Kurnool,Adoni,Cotton,Bunny,FAQ,4002,7567,7309,07-Jun-24
43,Kurnool,Adoni,Cotton,Bunny,FAQ,4002,7579,7399,08-Jun-24
44,Kurnool,Adoni,Cotton,Bunny,FAQ,4002,7589,7369,10-Jun-24
41,Kurnool,Adoni,Cotton,Bunny,FAQ,4002,7569,7389,11-Jun-24
255,Kurnool,Adoni,Cotton,Bunny,FAQ,4809,7579,7379,12-Jun-24
493,Kurnool,Adoni,Cotton,Bunny,FAQ,5500,7523,7329,13-Jun-24
46,Kurnool,Adoni,Cotton,Bunny,FAQ,4002,7595,7290,14-Jun-24
33,Kurnool,Adoni,Cotton,Bunny,FAQ,4002,7459,7211,15-Jun-24
32,Kurnool,Adoni,Cotton,Bunny,FAQ,4002,7456,7259,18-Jun-24
35,Kurnool,Adoni,Cotton,Bunny,FAQ,4002,7476,7259,19-Jun-24
37,Kurnool,Adoni,Cotton,Bunny,FAQ,4002,7539,7259,20-Jun-24
34,Kurnool,Adoni,Cotton,Bunny,FAQ,4002,7471,7219,21-Jun-24
38,Kurnool,Adoni,Cotton,Bunny,FAQ,4002,7542,7267,24-Jun-24
62,Kurnool,Adoni,Cotton,Bunny,FAQ,4059,7559,7309,25-Jun-24
194,Kurnool,Adoni,Cotton,Bunny,FAQ,4609,7609,7369,26-Jun-24
94,Kurnool,Adoni,Cotton,Bunny,FAQ,4212,7639,7319,27-Jun-24
66,Kurnool,Adoni,Cotton,Bunny,FAQ,4159,7649,7359,28-Jun-24
45,Kurnool,Adoni,Cotton,Bunny,FAQ,4002,7592,7269,29-Jun-24
4,Kurnool,Adoni,Cotton,Bunny,FAQ,4000,7614,7369,01-Jul-24
7,Kurnool,Adoni,Cotton,Bunny,FAQ,4000,7639,7369,02-Jul-24
15,Kurnool,Adoni,Cotton,Bunny,FAQ,4000,7672,7375,03-Jul-24
48,Kurnool,Adoni,Cotton,Bunny,FAQ,4002,7669,7346,04-Jul-24
54,Kurnool,Adoni,Cotton,Bunny,FAQ,4009,7676,7359,06-Jul-24
55,Kurnool,Adoni,Cotton,Bunny,FAQ,4009,7689,7339,08-Jul-24
24,Kurnool,Adoni,Cotton,Bunny,FAQ,4000,7692,7359,09-Jul-24
19,Kurnool,Adoni,Cotton,Bunny,FAQ,4000,7679,7379,10-Jul-24
67,Kurnool,Adoni,Cotton,Bunny,FAQ,4159,7719,7469,11-Jul-24
18,Kurnool,Adoni,Cotton,Bunny,FAQ,4000,7679,7369,12-Jul-24
11,Kurnool,Adoni,Cotton,Bunny,FAQ,4000,7659,7386,13-Jul-24
21,Kurnool,Adoni,Cotton,Bunny,FAQ,4000,7689,7344,15-Jul-24
52,Kurnool,Adoni,Cotton,Bunny,FAQ,4007,7599,7359,16-Jul-24
2,Kurnool,Adoni,Cotton,Bunny,FAQ,3960,7430,6800,18-Jul-24
58,Kurnool,Adoni,Cotton,Bunny,FAQ,4011,7611,7329,19-Jul-24
89,Kurnool,Adoni,Cotton,Bunny,FAQ,4211,7689,7351,20-Jul-24
20,Kurnool,Adoni,Cotton,Bunny,FAQ,4000,7682,7329,22-Jul-24
25,Kurnool,Adoni,Cotton,Bunny,FAQ,4000,7692,7379,23-Jul-24
10,Kurnool,Adoni,Cotton,Bunny,FAQ,4000,7659,7359,24-Jul-24
59,Kurnool,Adoni,Cotton,Bunny,FAQ,4011,7659,7329,25-Jul-24
13,Kurnool,Adoni,Cotton,Bunny,FAQ,4000,7660,7371,26-Jul-24
49,Kurnool,Adoni,Cotton,Bunny,FAQ,4006,7619,7359,27-Jul-24
17,Kurnool,Adoni,Cotton,Bunny,FAQ,4000,7679,7360,29-Jul-24
5,Kurnool,Adoni,Cotton,Bunny,FAQ,4000,7619,7400,30-Jul-24
12,Kurnool,Adoni,Cotton,Bunny,FAQ,4000,7659,7389,31-Jul-24
14,Kurnool,Adoni,Cotton,Bunny,FAQ,4000,7666,7379,01-Aug-24
9,Kurnool,Adoni,Cotton,Bunny,FAQ,4000,7655,7370,02-Aug-24
16,Kurnool,Adoni,Cotton,Bunny,FAQ,4000,7673,7369,03-Aug-24
23,Kurnool,Adoni,Cotton,Bunny,FAQ,4000,7689,7479,05-Aug-24
26,Kurnool,Adoni,Cotton,Bunny,FAQ,4000,7715,7419,06-Aug-24
27,Kurnool,Adoni,Cotton,Bunny,FAQ,4000,7720,7471,07-Aug-24
60,Kurnool,Adoni,Cotton,Bunny,FAQ,4011,7739,7429,08-Aug-24
51,Kurnool,Adoni,Cotton,Bunny,FAQ,4006,7739,7370,09-Aug-24
22,Kurnool,Adoni,Cotton,Bunny,FAQ,4000,7689,7429,10-Aug-24
28,Kurnool,Adoni,Cotton,Bunny,FAQ,4000,7739,7389,12-Aug-24
29,Kurnool,Adoni,Cotton,Bunny,FAQ,4000,7749,7419,13-Aug-24
30,Kurnool,Adoni,Cotton,Bunny,FAQ,4000,7756,7439,14-Aug-24
50,Kurnool,Adoni,Cotton,Bunny,FAQ,4006,7711,7424,16-Aug-24
6,Kurnool,Adoni,Cotton,Bunny,FAQ,4000,7629,7380,19-Aug-24
61,Kurnool,Adoni,Cotton,Bunny,FAQ,4011,7769,7469,20-Aug-24
70,Kurnool,Adoni,Cotton,Bunny,FAQ,4181,7799,7429,21-Aug-24
63,Kurnool,Adoni,Cotton,Bunny,FAQ,4110,7789,7477,22-Aug-24
92,Kurnool,Adoni,Cotton,Bunny,FAQ,4211,7839,7557,23-Aug-24
91,Kurnool,Adoni,Cotton,Bunny,FAQ,4211,7789,7535,24-Aug-24
68,Kurnool,Adoni,Cotton,Bunny,FAQ,4159,7899,7467,27-Aug-24
71,Kurnool,Adoni,Cotton,Bunny,FAQ,4181,7939,7480,28-Aug-24
72,Kurnool,Adoni,Cotton,Bunny,FAQ,4181,7952,7499,29-Aug-24
93,Kurnool,Adoni,Cotton,Bunny,FAQ,4211,8015,7449,30-Aug-24
73,Kurnool,Adoni,Cotton,Bunny,FAQ,4181,7993,7469,31-Aug-24
65,Kurnool,Adoni,Cotton,Bunny,FAQ,4112,8079,7777,03-Sep-24
179,Kurnool,Adoni,Cotton,Bunny,FAQ,4569,8125,7559,04-Sep-24
150,Kurnool,Adoni,Cotton,Bunny,FAQ,4500,8188,7569,05-Sep-24
317,Kurnool,Adoni,Cotton,Bunny,FAQ,5000,8255,7600,06-Sep-24
153,Kurnool,Adoni,Cotton,Bunny,FAQ,4500,8260,7589,09-Sep-24
117,Kurnool,Adoni,Cotton,Bunny,FAQ,4319,8239,7499,10-Sep-24
132,Kurnool,Adoni,Cotton,Bunny,FAQ,4409,8219,7486,12-Sep-24
139,Kurnool,Adoni,Cotton,Bunny,FAQ,4480,8219,7599,13-Sep-24
152,Kurnool,Adoni,Cotton,Bunny,FAQ,4500,8257,7527,14-Sep-24
151,Kurnool,Adoni,Cotton,Bunny,FAQ,4500,8219,7589,17-Sep-24
166,Kurnool,Adoni,Cotton,Bunny,FAQ,4516,8249,7680,18-Sep-24
162,Kurnool,Adoni,Cotton,Bunny,FAQ,4511,8229,7675,19-Sep-24
143,Kurnool,Adoni,Cotton,Bunny,FAQ,4489,8139,7769,20-Sep-24
90,Kurnool,Adoni,Cotton,Bunny,FAQ,4211,7769,7479,23-Sep-24
96,Kurnool,Adoni,Cotton,Bunny,FAQ,4216,7625,7489,24-Sep-24
84,Kurnool,Adoni,Cotton,Bunny,FAQ,4211,7561,7389,25-Sep-24
83,Kurnool,Adoni,Cotton,Bunny,FAQ,4211,7531,7349,26-Sep-24
86,Kurnool,Adoni,Cotton,Bunny,FAQ,4211,7579,7389,27-Sep-24
88,Kurnool,Adoni,Cotton,Bunny,FAQ,4211,7621,7419,28-Sep-24
137,Kurnool,Adoni,Cotton,Bunny,FAQ,4469,7677,7469,30-Sep-24
111,Kurnool,Adoni,Cotton,Bunny,FAQ,4309,7635,7389,01-Oct-24
87,Kurnool,Adoni,Cotton,Bunny,FAQ,4211,7597,7389,03-Oct-24
95,Kurnool,Adoni,Cotton,Bunny,FAQ,4216,7555,7360,04-Oct-24
101,Kurnool,Adoni,Cotton,Bunny,FAQ,4280,7680,7479,07-Oct-24
130,Kurnool,Adoni,Cotton,Bunny,FAQ,4400,7669,7439,08-Oct-24
107,Kurnool,Adoni,Cotton,Bunny,FAQ,4306,7699,7429,09-Oct-24
82,Kurnool,Adoni,Cotton,Bunny,FAQ,4211,7519,7379,14-Oct-24
85,Kurnool,Adoni,Cotton,Bunny,FAQ,4211,7569,7329,15-Oct-24
105,Kurnool,Adoni,Cotton,Bunny,FAQ,4290,7591,7389,16-Oct-24
128,Kurnool,Adoni,Cotton,Bunny,FAQ,4390,7651,7389,18-Oct-24
112,Kurnool,Adoni,Cotton,Bunny,FAQ,4309,7678,7389,19-Oct-24
354,Kurnool,Adoni,Cotton,Bunny,FAQ,5109,7789,7359,21-Oct-24
190,Kurnool,Adoni,Cotton,Bunny,FAQ,4607,7551,7369,22-Oct-24
178,Kurnool,Adoni,Cotton,Bunny,FAQ,4569,7539,7372,24-Oct-24
232,Kurnool,Adoni,Cotton,Bunny,FAQ,4719,7569,7375,25-Oct-24
104,Kurnool,Adoni,Cotton,Bunny,FAQ,4289,7389,7189,26-Oct-24
76,Kurnool,Adoni,Cotton,Bunny,FAQ,4211,7220,6889,28-Oct-24
56,Kurnool,Adoni,Cotton,Bunny,FAQ,4011,7226,6989,29-Oct-24
127,Kurnool,Adoni,Cotton,Bunny,FAQ,4389,7300,7119,30-Oct-24
149,Kurnool,Adoni,Cotton,Bunny,FAQ,4500,7389,7160,04-Nov-24
64,Kurnool,Adoni,Cotton,Bunny,FAQ,4111,7431,7219,05-Nov-24
81,Kurnool,Adoni,Cotton,Bunny,FAQ,4211,7399,7199,06-Nov-24
79,Kurnool,Adoni,Cotton,Bunny,FAQ,4211,7389,7199,07-Nov-24
57,Kurnool,Adoni,Cotton,Bunny,FAQ,4011,7414,7209,08-Nov-24
328,Kurnool,Adoni,Cotton,Bunny,FAQ,5019,7390,7200,09-Nov-24
80,Kurnool,Adoni,Cotton,Bunny,FAQ,4211,7392,7119,11-Nov-24
78,Kurnool,Adoni,Cotton,Bunny,FAQ,4211,7350,7169,12-Nov-24
69,Kurnool,Adoni,Cotton,Bunny,FAQ,4181,7258,7099,13-Nov-24
114,Kurnool,Adoni,Cotton,Bunny,FAQ,4316,7146,7029,14-Nov-24
3,Kurnool,Adoni,Cotton,Bunny,FAQ,3961,7060,6890,20-Nov-24
31,Kurnool,Adoni,Cotton,Bunny,FAQ,4001,7125,6889,21-Nov-24
138,Kurnool,Adoni,Cotton,Bunny,FAQ,4480,7229,7069,22-Nov-24
77,Kurnool,Adoni,Cotton,Bunny,FAQ,4211,7249,7089,23-Nov-24
187,Kurnool,Adoni,Cotton,Bunny,FAQ,4599,7308,7148,25-Nov-24
198,Kurnool,Adoni,Cotton,Bunny,FAQ,4660,7319,7159,26-Nov-24
177,Kurnool,Adoni,Cotton,Bunny,FAQ,4569,7339,7169,27-Nov-24
419,Kurnool,Adoni,Cotton,Bunny,FAQ,5366,7349,7179,28-Nov-24
148,Kurnool,Adoni,Cotton,Bunny,FAQ,4500,7352,7169,29-Nov-24
173,Kurnool,Adoni,Cotton,Bunny,FAQ,4561,7279,7069,03-Dec-24
401,Kurnool,Adoni,Cotton,Bunny,FAQ,5293,7263,7089,04-Dec-24
247,Kurnool,Adoni,Cotton,Bunny,FAQ,4800,7249,7089,05-Dec-24
291,Kurnool,Adoni,Cotton,Bunny,FAQ,4880,7199,6989,06-Dec-24
108,Kurnool,Adoni,Cotton,Bunny,FAQ,4307,7189,7089,07-Dec-24
75,Kurnool,Adoni,Cotton,Bunny,FAQ,4211,7199,7059,09-Dec-24
205,Kurnool,Adoni,Cotton,Bunny,FAQ,4669,7199,7069,10-Dec-24
434,Kurnool,Adoni,Cotton,Bunny,FAQ,5378,7200,7094,11-Dec-24
458,Kurnool,Adoni,Cotton,Bunny,FAQ,5420,7228,7089,13-Dec-24
109,Kurnool,Adoni,Cotton,Bunny,FAQ,4307,7225,7089,14-Dec-24
229,Kurnool,Adoni,Cotton,Bunny,FAQ,4716,7234,7097,16-Dec-24
120,Kurnool,Adoni,Cotton,Bunny,FAQ,4360,7234,7089,17-Dec-24
435,Kurnool,Adoni,Cotton,Bunny,FAQ,5380,7198,7056,18-Dec-24
321,Kurnool,Adoni,Cotton,Bunny,FAQ,5006,7218,7069,20-Dec-24
216,Kurnool,Adoni,Cotton,Bunny,FAQ,4689,7219,7083,21-Dec-24
303,Kurnool,Adoni,Cotton,Bunny,FAQ,4908,7219,7089,23-Dec-24
452,Kurnool,Adoni,Cotton,Bunny,FAQ,5408,7220,7089,24-Dec-24
310,Kurnool,Adoni,Cotton,Bunny,FAQ,4989,7272,7149,26-Dec-24
313,Kurnool,Adoni,Cotton,Bunny,FAQ,5000,7285,7151,27-Dec-24
561,Kurnool,Adoni,Cotton,Bunny,FAQ,5700,7272,7079,28-Dec-24
